도서관,일시(년),일시(월),도서명,ISBN,발행년도,저자,출판사
안락누리도서관,2022,08,저만치 혼자서 (김훈 소설),9788954686921,2022,김훈,문학동네
안락누리도서관,2022,08,어느 날 니체가 내 삶을 흔들었다 (니체와 함께하는 철학 산책),9788970755205,2022,장석주,문학세계사
안락누리도서관,2022,08,낙원,9788954686785,2022,압둘라자크 구르나,문학동네
안락누리도서관,2022,08,느낌의 진화 양장 (생명과 문화를 만든 놀라운 순서),9788950981174,2019,안토니오 다마지오,아르테(arte)
안락누리도서관,2022,08,"전쟁으로 보는 한국 근대사 (조선, 세계의 화학고)",9788954766777,2022,신효승,EBS한국교육방송공사
안락누리도서관,2022,07,황은덕 소설가의 공감공부,8998079461 9788998079468,2022,황은덕,해피북미디어
안락누리도서관,2022,07,"가장 외로운 선택 (청년 자살, 무엇이 그들을 죽음으로 내몰았는가)",116405161X 9791164051618,2022,김현수|이현정|장숙랑|이기연|주지영,북하우스
안락누리도서관,2022,07,"오늘부터 시작하는 탄소중립 (기후위기 시대, 우리는 무엇을 입고 먹고 탈까?)",1160808325 9791160808322,2022,권승문|김세영,휴머니스트
안락누리도서관,2022,07,"개혁하는 사람, 조광조",1190301172 9791190301176,2022,조성일,시간여행
안락누리도서관,2022,07,소중한 사람을 소중하게 대하는 법 (나를 사랑하고 내 옆의 사람을 사랑할 수 있는 관계 수업),1192248023 9791192248028,2022,윌리엄 V. 피치,지식노마드
안락누리도서관,2022,06,"다시, 수학이 필요한 순간 (질문은 어떻게 세상을 움직이는가)",1189995999 9791189995997,2020,김민형,인플루엔셜
안락누리도서관,2022,06,거의 모든 것의 역사,8972917117 9788972917113,2020,빌 브라이슨,까치
안락누리도서관,2022,06,꽃샘바람에 흔들린다면 너는 꽃 (류시화 시집),119038261X 9791190382618,2022,류시화,수오서재
안락누리도서관,2022,06,"이런 말, 나만 불편해? (장애 혐오의 말은 이제 그만)",8961571036 9788961571036,2022,김효진,이후
안락누리도서관,2022,06,탤런트 코드 (재능을 지배하는 세 가지 법칙),8901248972 9788901248974,2021,대니얼 코일,웅진지식하우스
안락누리도서관,2022,05,고전을 만나는 시간 (오래된 책에서 오늘을 사는 지혜를 얻다),1191464768 9791191464764,2022,앨런 제이콥스,미래의창
안락누리도서관,2022,05,"나를 알고 싶을 때 뇌과학을 공부합니다 (뇌가 멈춘 순간, 삶이 시작되었다)",1155814517 9791155814512,2022,질 볼트 테일러,윌북
안락누리도서관,2022,05,타인이라는 가능성,1167740378 9791167740373,2022,윌 버킹엄,어크로스
안락누리도서관,2022,05,왜 나만 이렇게 힘든 걸까,1190456397 9791190456395,2022,가토 다이조,다연
안락누리도서관,2022,05,사랑에 장애가 있나요? (권주리 에세이),1196797781 9791196797782,2021,권주리,강한별
안락누리도서관,2022,04,칠월의 청포도 (이육사 이야기),8963194442 9788963194448,2021,강영준,북멘토
안락누리도서관,2022,04,옥춘당,8955826257 9788955826258,2022,고정순,길벗어린이
안락누리도서관,2022,04,그들이 사라진 뒤에 (조수경 장편소설),1160406847 9791160406849,2021,조수경,한겨레출판사
안락누리도서관,2022,04,이럴 거면 혼자 살라고 말하는 당신에게,1185823808 9791185823805,2022,최민지,남해의봄날
안락누리도서관,2022,04,책을 불태우다,9791191432336,2022,리처드 오벤든,책과함께
안락누리도서관,2022,03,이순신의 바다 (그 바다는 무엇을 삼켰나),1197693009 9791197693007,2021,황현필,역바연
안락누리도서관,2022,03,센 강의 이름 모를 여인 (기욤 뮈소 장편소설),8984374385 9788984374386,2022,기욤 뮈소,밝은세상
안락누리도서관,2022,03,고의는 아니지만 (구병모 소설집),8937420570 9788937420573,2021,구병모,민음사
안락누리도서관,2022,03,데일리 필로소피 (아침을 바꾸는 철학자의 질문),1130679365 9791130679365,2021,라이언 홀리데이|스티븐 핸슬먼,다산초당
안락누리도서관,2022,03,장면들 (손석희의 저널리즘 에세이),8936478907 9788936478902,2021,손석희,창비
안락누리도서관,2022,02,환상의 책방 골목,117028910X 9791170289104,2021,김설아|이진|임지형|정명섭|조영주,책담
안락누리도서관,2022,02,기다리는 집 (황선미 청소년소설),1165797348 9791165797348,2021,황선미,시공사
안락누리도서관,2022,02,독살로 읽는 세계사 (중세 유럽의 의문사부터 김정남 암살 사건까지),116681419X 9791166814198,2021,엘리너 허먼,현대지성
안락누리도서관,2022,02,오페라 인문학,1162850965 9791162850961,2021,박경준,마음의숲
안락누리도서관,2022,02,요즘 애들 (최고 학력을 쌓고 제일 많이 일하지만 가장 적게 버는 세대),8925579316 9788925579313,2021,앤 헬렌 피터슨,알에이치코리아
안락누리도서관,2022,02,나의 고통은 보이지 않아,1191864049 9791191864045,2021,루실 드 페슬루앙,빨간콩
안락누리도서관,2022,01,"수상한 상담실, 비밀을 부탁해 (청소년 성장소설 십대들의 힐링캠프, 용기)",118875839X 9791188758395,2021,표혜빈,행복한나무
안락누리도서관,2022,01,나인,8936457071 9788936457075,2021,천선란,창비
안락누리도서관,2022,01,"모든 지식의 시작 1 (전쟁사, 문명사, 세계사)",8972994766 9788972994763,2017,허진모,미래문화사
안락누리도서관,2022,01,"헤이트 (Hate,왜 혐오의 역사는 반복될까)",8960536113 9788960536111,2021,최인철|홍성수|김민정|이은주|최호근|,마로니에북스
안락누리도서관,2022,01,도망가지도 나아가지도 못하는 당신에게,8925579170 9788925579177,2021,히라모토 아키오|야마자키 다쿠미,알에이치코리아
안락누리도서관,2022,01,세 엄마 (무너질 듯 무너지지 않은 집에서),8967359691 9788967359690,2021,김미희,글항아리
안락누리도서관,2021,12,잔을 흔들면 와인 맛이 좋아지는 것처럼 (흔들리며 살아가는 당신의 삶에 와인이 필요한 순간),1163860727 9791163860723,2021,최태호,예문아카이브
안락누리도서관,2021,12,인생도 복리가 됩니다 (눈덩이처럼 불어나는 인생 역전의 기술),8960518263 9788960518261,2020,대런 하디,부키
안락누리도서관,2021,12,사는 게 정답이 있으려나? (당신과 나누는 이야기 대화의 희열),1191393151 9791191393156,2021,아이유|조수미|지코|KBS|백종원|이,포르체
안락누리도서관,2021,12,질서 너머 (인생의 다음 단계로 나아가는 12가지 법칙),8901249596 9788901249599,2021,조던 피터슨,웅진지식하우스
안락누리도서관,2021,12,무엇이 좋은 삶인가 (동서양 고전에서 찾아 가는 단단한 삶),8937444291 9788937444296,2020,김헌|김월회,민음사
안락누리도서관,2021,12,참 애썼다 그것으로 되었다,1162141883 9791162141885,2018,정영욱,부크럼
안락누리도서관,2021,11,게으른 십대를 위한 작은 습관의 힘,1160023492 9791160023497,2021,장근영,메이트북스
안락누리도서관,2021,11,죽음이 던지는 질문에 어떻게 답해야 할까? (왜 사는지 모르겠는 나를 위한 철학 수업),1191842029 9791191842029,2021,박연숙,갈매나무
안락누리도서관,2021,11,사장을 위한 노자(CEO의 서재 34) (도덕경 모르고 사업하지 마라),116657038X 9791166570384,2021,안병민,센시오
안락누리도서관,2021,11,"코로나 이후의 세상 (트위터 팔로워 총 490만 명, 글로벌 인플루언서 9인 팬데믹 대담)",1187056391 9791187056393,2021,말콤 글래드웰|데이비드 브룩스|파리드,모던아카이브
안락누리도서관,2021,11,작별하지 않는다 (한강 장편소설),8954682154 9788954682152,2021,한강,문학동네
안락누리도서관,2021,10,낯선 그림책 읽기의 세계,8969151087 9788969151087,2021,유영호,학교도서관저널
안락누리도서관,2021,10,나를 살리는 철학 (오래된 지혜가 오늘의 나에게 답하다),1197377123 9791197377129,2021,알베르트 키츨러,클레이하우스
안락누리도서관,2021,10,이토록 명랑한 교실 (자기만의 속도로 자라는 아이들의 특별한 수업 이야기),8998614979 9788998614973,2021,주효림,메멘토
안락누리도서관,2021,10,비하인드 클래식 (지휘자 여자경이 들려주는 일상 속 클래식),1159098662 9791159098666,2021,여자경,교보문고
안락누리도서관,2021,10,당신을 기다리고 있어(Stella Odyssey Trilogy 1) (김보영 장편소설),8963717569 9788963717562,2020,김보영,새파란상상
안락누리도서관,2021,09,막내의 뜰,1160947120 9791160947120,2021,강맑실,사계절
안락누리도서관,2021,09,우리는 초식동물과 닮아서 (초보 비건의 식탁 위 생태계 일지),1136277854 9791136277855,2021,키미앤일이,니들북
안락누리도서관,2021,09,맛있는 영화관 (영화평론가 백정우의 미각 에세이),1190178478 9791190178471,2021,백정우,한티재
안락누리도서관,2021,09,"과학의 쓸모 (팬데믹 세상 이후, 과학에 관한 생각)",1191378004 9791191378009,2021,전승민,체인지업
안락누리도서관,2021,09,전쟁이라는 세계 (한 정치학자의 현대 군사 고전 읽기),1160404798 9791160404791,2021,최영진,한겨레출판사
동래읍성도서관,2021,08,미드나잇 라이브러리 (Midnight Library),1191056554 9791191056556,2021,매트 헤이그,인플루엔셜
동래읍성도서관,2021,08,환경과 생태 쫌 아는 10대,1161727353 9791161727356,2019,최원형,풀빛
동래읍성도서관,2021,08,"용기를 내, 비닐장갑! (유설화 그림책)",1158362242 9791158362249,2021,유설화,책읽는곰
안락누리도서관,2021,08,해피크라시(Happycracy)(반양장) (행복학과 행복 산업은 어떻게 우리의 삶을 지배하는가),118913425X 9791189134259,2021,에바 일루즈|에드가르 카바나스,청미
안락누리도서관,2021,08,완월동 여자들 (살아남아 사람을 살리는 여성 연대의 기록),8965456681 9788965456681,2020,정경숙,산지니
안락누리도서관,2021,08,시네마 리바이벌 (두두 비평선 비평의 바다),1196456275 9791196456276,2020,조재휘,두두
안락누리도서관,2021,08,완전한 행복 (정유정 장편소설),1167370287 9791167370280,2021,정유정,은행나무
안락누리도서관,2021,08,조한욱 교수의 소소한 세계사 (겹겹의 인물을 통해 본 역사의 이면),1191278492 9791191278491,2021,조한욱,교유서가
동래읍성도서관,2021,07,완전한 행복 (정유정 장편소설),1167370287 9791167370280,2021,정유정,은행나무
동래읍성도서관,2021,07,모조리 싹싹 머핀 삼촌(두근두근 어린이 성장동화 6),1185876723 9791185876726,2021,페드로 마냐스 로메로,분홍고래
동래읍성도서관,2021,07,친구의 전설 (이지은 그림책),8901251221 9788901251226,2021,이지은,웅진주니어
안락누리도서관,2021,07,키르케 (매들린 밀러 장편소설),1190582309 9791190582308,2021,매들린 밀러,이봄
안락누리도서관,2021,07,시각의 폭력 (고대 그리스부터 n번방까지 타락한 감각의 역사),8972979880 9788972979883,2021,유서연,동녘
안락누리도서관,2021,07,공간의 미래 (코로나가 가속화시킨 공간 변화),8932474427 9788932474427,2021,유현준,을유문화사
안락누리도서관,2021,07,"국보, 역사의 명장면을 담다",1164841882 9791164841882,2020,배한철,매일경제신문사
동래읍성도서관,2021,06,호랑이를 덫에 가두면 (2021 뉴베리상 대상 수상작),1191438023 9791191438024,2021,태 켈러,돌베개
동래읍성도서관,2021,06,순례 주택(블루픽션 81) (유은실 소설),8949123495 9788949123493,2021,유은실,비룡소
동래읍성도서관,2021,06,차대기를 찾습니다,1160947309 9791160947304,2021,이금이,사계절
안락누리도서관,2021,06,클라라와 태양,8937417561 9788937417566,2021,가즈오 이시구로,민음사
안락누리도서관,2021,06,사마르칸트의 황금 복숭아 (대당제국의 이국적 수입 문화),8967358601 9788967358600,2021,에드워드 H. 셰이퍼,글항아리
안락누리도서관,2021,06,철학자의 거짓말 (삶의 진실은 영원히 접근할 수 없는 것으로 남는다),1155251393 9791155251393,2020,프랑수아 누델만,낮은산
안락누리도서관,2021,06,내 친구 압둘와합을 소개합니다 (어느 수줍은 국어 교사의 특별한 시리아 친구 이야기),1190136406 9791190136402,2021,김혜진,원더박스
동래읍성도서관,2021,05,"세상이 멈추자 일기장을 열었다 (한국 아빠 프랑스 엄마와 네 아이, 이 가족이 코로나 시대를 사는 법)",1196930910 9791196930912,2020,정상필,오엘북스
동래읍성도서관,2021,05,슬픈 돈을 찾아라(푸르른 숲 31) (2021 학교도서관저널 추천 도서),1160513902 9791160513905,2021,배리언 존슨,씨드북
동래읍성도서관,2021,05,5번 레인 (제21회 문학동네어린이문학상 대상 수상작),8954674631 9788954674638,2020,은소홀,문학동네
안락누리도서관,2021,05,하브루타 독서의 기적 (스스로 생각하고 답을 찾는 아이로 자라는),1157686885 9791157686889,2021,김종순,동양북스
안락누리도서관,2021,05,"나는 풍요로웠고, 지구는 달라졌다",8934990309 9788934990307,2020,호프 자런,김영사
안락누리도서관,2021,05,우리가 사랑한 내일들 (자기 삶의 단독자로 선 90년대생 10명과의 대화),1160404534 9791160404531,2021,유선애,한겨레출판사
안락누리도서관,2021,05,"괜찮아, 꿈이 있으면 길을 잃지 않아 (인생의 골든타임을 지켜낸 10대들의 리얼 스토리, 개정증보판)",1190867109 9791190867108,2020,백수연,보랏빛소
안락누리도서관,2021,05,"시베리아의 딸, 김알렉산드라 (모두가 평등한 세상을 꿈꾸었던 조선인 최초의 볼셰비키 혁명가)",8974830124 9788974830120,2020,정철훈,서해문집
동래읍성도서관,2021,04,어린이라는 세계 (김소영 에세이),1160946914 9791160946918,2020,김소영,사계절
동래읍성도서관,2021,04,소년을 읽다 (다음에는 '이런 곳이 아닌 곳'에서 만나요),1160947082 9791160947083,2021,서현숙,사계절
동래읍성도서관,2021,04,모두가 원하는 아이 (제12회 웅진주니어 문학상 수상작),8901250993 9788901250991,2021,위해준 지음|하루치,웅진주니어
안락누리도서관,2021,04,신 만들어진 위험 (신의 존재를 의심하는 당신에게),8934989653 9788934989653,2021,리처드 도킨스,김영사
안락누리도서관,2021,04,공정하다는 착각 (능력주의는 모두에게 같은 기회를 제공하는가),1164136453 9791164136452,2020,마이클 샌델,와이즈베리
안락누리도서관,2021,04,곽재식의 미래를 파는 상점 (SF 소설가가 그리는 미래과학 세상),1156333075 9791156333074,2020,곽재식,다른
안락누리도서관,2021,04,나의 한국현대사 1959-2020 (개정증보판),897199908X 9788971999080,2021,유시민,돌베개
안락누리도서관,2021,04,물고기에게 물에 관해 묻는 일 (캐서린 라이언 하이드 장편소설),1196925135 9791196925130,2020,캐서린 라이언 하이드(Catherin,뒤란
동래읍성도서관,2021,03,방구석 미술관 1 (가볍고 편하게 시작하는 유쾌한 교양 미술),8968331863 9788968331862,2018,조원재,블랙피쉬
동래읍성도서관,2021,03,가짜뉴스를 시작하겠습니다,8977469279 9788977469273,2019,김경옥,내일을여는책
동래읍성도서관,2021,03,눈보라(양장본 HardCover),8936455605 9788936455606,2021,강경수,창비
안락누리도서관,2021,03,우리 각자의 미술관 (지식 없이 즐기는 그림 감상 연습),1160803838 9791160803839,2020,최혜진,휴머니스트
안락누리도서관,2021,03,당신의 인생을 정리해드립니다 (삶이 바뀌는 신박한 정리),1165342332 9791165342333,2020,이지영,쌤앤파커스
안락누리도서관,2021,03,니클의 소년들 (2020 퓰리처상 수상작),1191071235 9791191071238,2020,콜슨 화이트헤드,은행나무
안락누리도서관,2021,03,"퓨즈만이 희망이다 (디스토피아 시대, 우리에게 던지는 어떤 위로)",1160404305 9791160404302,2020,신영전,한겨레출판사
안락누리도서관,2021,03,철학의 숲 (동화와 신화 속에 숨겨진 26가지 생각씨앗을 찾아),1189584794 9791189584795,2020,브렌던 오도너휴,포레스트북스
동래읍성도서관,2021,02,그럼에도 불구하고 (공지영의 섬진 산책),1191119300 9791191119305,2020,공지영,위즈덤하우스
동래읍성도서관,2021,02,세종의 하늘 (세계 최고 과학 국가를 만든 세종의 천문 프로젝트),1187332542 9791187332541,2020,정성희,사우
동래읍성도서관,2021,02,4학년 5반 불평쟁이들,1158362129 9791158362126,2020,전은지,책읽는곰
안락누리도서관,2021,02,"교실이 없는 시대가 온다 (디지털 시대, 어떻게 가르치고 배워야 하는가)",1190030438 9791190030434,2020,존 카우치|제이슨 타운,어크로스
안락누리도서관,2021,02,명랑한 은둔자,1189932679 9791189932671,2020,캐럴라인 냅,바다출판사
안락누리도서관,2021,02,드림 키퍼,1187914347 9791187914341,2020,조이 카울리,계수나무
안락누리도서관,2021,02,푸름아빠 거울육아 (엄마의 감정을 거울처럼 비추는 아이),8947545945 9788947545945,2020,최희수,한국경제신문
안락누리도서관,2021,02,살며 사랑하며 배우며(100쇄 기념 스페셜 에디션) (living loving & learning),1197108610 9791197108617,2020,레오 버스카글리아,홍익출판미디어그룹
동래읍성도서관,2021,01,어떻게 말해줘야 할까 (오은영의 현실밀착 육아회화),8934986654 9788934986652,2020,오은영,김영사
동래읍성도서관,2021,01,미드나잇 아워 1 (자정에 갇힌 세상),8949140071 9788949140070,2020,벤저민 리드|로라 트린더,비룡소
동래읍성도서관,2021,01,이파라파냐무냐무 (이지은 그림책),1160946671 9791160946673,2020,이지은,사계절
안락누리도서관,2021,01,인공지능시대 최고의 교육은 독서다,1187809268 9791187809265,2018,조미상,더메이커
안락누리도서관,2021,01,"모래사막에 심은 희망의 씨앗, 아쿠와스 (한류 문화 속 아랍 여성들의 변화와 꿈을 담은 이야기)",1166032256 9791166032257,2020,김정완,이담북스
안락누리도서관,2021,01,또 하나의 질문,8993957673 9788993957679,2020,정승준,유진북스
안락누리도서관,2021,01,나의 목소리가 들려,1160512876 9791160512878,2019,헤나 칸,씨드북
안락누리도서관,2019,12,"한 공기의 사랑, 아낌의 인문학 (EBS CLASSⓔ)",8954753892 9788954753890,2020,강신주,한국교육방송공사(EBSi)
안락누리도서관,2019,12,두브로브니크에서 만난 사람,1160200661 9791160200669,2019,신기남,솔
안락누리도서관,2019,12,어른에게도 어른이 필요하다 (어른인 척 말고 진짜 느낌 좋은 어른으로 살아가기),1188850245 9791188850242,2018,박산호,북라이프
안락누리도서관,2019,12,주름,8984318981 9788984318984,2015,박범신,한겨레출판
안락누리도서관,2019,10,경제학자의인문학 서재 (경제학은 세상과 어떻게 연결되는가),116521038X 9791165210380,2020,박정호,더퀘스트
안락누리도서관,2019,10,"한국 정원 기행 (역사와 인물, 교유의 문화공간)",8959896578 9788959896578,2020,김종길,미래의창
안락누리도서관,2019,09,보통의 언어들 (나를 숨 쉬게 하는),1190786354 9791190786355,2020,김이나,위즈덤하우스
안락누리도서관,2019,09,"알고 싶어, 내 마음의 작동 방식 (불안과 걱정에서 나를 구하는 생각법)",8958077638 9788958077633,2020,그웨돌린 스미스,뜨인돌
안락누리도서관,2019,09,나의 다정하고 무례한 엄마 (엄마가 주는 상처로부터 따뜻하게 나를 일으키는 감정 수업),1197024107 9791197024108,2020,이남옥,라이프앤페이지
안락누리도서관,2019,09,"나는 침묵하지 않는다 (오리아나 팔라치, 나 자신과의 인터뷰)",1187525790 9791187525790,2018,오리아나 팔라치,행성B
안락누리도서관,2019,09,김미경의 리부트 (코로나로 멈춘 나를 다시 일으켜 세우는 법),8901243660 9788901243665,2020,김미경,웅진지식하우스
안락누리도서관,2019,09,낡은 옷을 벗어라 (법정스님 원적 10주기 추모집),1189147084 9791189147082,2019,법정,불교신문사
안락누리도서관,2019,08,고잉 그레이 (나는 흰머리 염색을 하지 않기로 했다),1196848122 9791196848125,2020,주부의 벗 저|박햇님,베르단디
안락누리도서관,2019,08,영국 집사의 일상,1127411136 9791127411138,2017,무라카미 리코,에이케이커뮤니케이션즈
안락누리도서관,2019,08,인생의 마지막 순간에서 (죽음과 죽어감에 관한 실질적 조언),1135433240 9791135433245,2019,샐리 티스데일,비잉(Being)
안락누리도서관,2019,07,의자의 배신 (편리함은 어떻게 인류를 망가뜨리는가),8950986868 9788950986865,2020,바이바 크레건리드|박한선,아르테(arte)
안락누리도서관,2019,07,"공간을 말하다 (있는 그대로의 자유로움, 생긴 그대로의 자연스러움)",1185400982 9791185400983,2020,이상호,북바이북
안락누리도서관,2019,07,언컨택트 (더 많은 연결을 위한 새로운 시대 진화 코드),1197016805 9791197016806,2020,김용섭,퍼블리온
안락누리도서관,2019,07,숫자가 만만해지는 책 (한 번 배우고 평생 써먹는 숫자 감각 기르기),119003042X 9791190030427,2020,브라이언 W. 커니핸,어크로스
안락누리도서관,2019,06,인스타그램에는 절망이 없다 (밀레니얼 세대는 세상을 어떻게 이해하는가),1160403406 9791160403404,2020,정지우,한겨레출판
안락누리도서관,2019,06,불과 나의 자서전(현대문학 핀 시리즈 소설선 24)(양장본 HardCover) (김혜진 소설),8972751650 9788972751656,2020,김혜진,현대문학
안락누리도서관,2019,06,"배움의 발견 (나의 특별한 가족, 교육, 그리고 자유의 이야기)",8932919550 9788932919553,2020,타라 웨스트오버,열린책들
안락누리도서관,2019,06,질병이 바꾼 세계의 역사 (인류를 위협한 전염병과 최고 권력자들의 질병에 대한 기록),8959896411 9788959896417,2020,로날트 D. 게르슈테,미래의창
안락누리도서관,2019,06,슬픔의 위로 (자신과 타인을 위로하는 진정한 방법),1190467445 9791190467445,2020,메건 더바인,반니
동래읍성도서관,2019,06,꽝 없는 뽑기 기계(난 책읽기가 좋아) (2020 비룡소 문학상 대상 수상작),8949162024 9788949162027,2020,곽유진,비룡소
동래읍성도서관,2019,06,내가 원하는 것을 나도 모를 때,113062787X 9791130627878,2020,전승환,다산초당
동래읍성도서관,2019,05,오리 돌멩이 오리,8954670717 9788954670715,2020,이안 시|정진호,문학동네
동래읍성도서관,2019,05,과학의 품격 (과학의 의미를 묻는 시민들에게),1189198355 9791189198350,2019,강양구,사이언스북스
동래읍성도서관,2019,05,독고솜에게 반하면 (제10회 문학동네청소년문학상 대상 수상작),895467030X 9788954670302,2020,허진희,문학동네
동래읍성도서관,2019,04,엄마와 함께한 세 번의 여행,1190123738 9791190123730,2019,이상원,갈매나무
동래읍성도서관,2019,04,욕 좀 하는 이유나,8962472066 9788962472066,2019,류재향,위즈덤하우스
동래읍성도서관,2019,04,청소년 돈 스터디 (금융 문맹 탈출을 위한 경제 이야기),1170283926 9791170283928,2019,서지원,책담
동래읍성도서관,2019,03,투명 소녀의 여행,1196810419 9791196810412,2019,멜라니 크라우더,숲의전설
동래읍성도서관,2019,03,"이제 몸을 챙깁니다 (바디풀니스, 진정한 나로 살기 위한 첫걸음)",8965749786 9788965749783,2019,문요한,해냄출판사
동래읍성도서관,2019,03,"어느 날, 우리 집 고양이가 말했다",1188867296 9791188867295,2019,박정안,노란상상
안락누리도서관,2019,03,"닥터 셰퍼드 죽은 자들의 의사 (헝거포드 대학살에서 다이애나 비 사망사건과 9.11까지, 영국 최고의 법의학자가 말하는 삶과 죽음)",1187038520 9791187038528,2019,리처드 셰퍼드,갈라파고스
동래읍성도서관,2019,02,일 층 친구들,1196587108 9791196587109,2019,남찬숙,놀궁리
동래읍성도서관,2019,02,나의 가해자들에게,8925567733 9788925567730,2019,씨리얼,알에이치코리아
동래읍성도서관,2019,02,9번의 일 (김혜진 장편소설),1160403007 9791160403008,2019,김혜진,한겨레출판사
안락누리도서관,2019,02,밀레니얼 이코노미,1189995395 9791189995393,2019,홍춘욱|박종훈,인플루엔셜
안락누리도서관,2019,02,"이제 몸을 챙깁니다 (바디풀니스, 진정한 나로 살기 위한 첫걸음)",8965749786 9788965749783,2019,문요한,해냄출판사
안락누리도서관,2019,02,이름 없는 사람들,1189982625 9791189982621,2019,박영,은행나무
안락누리도서관,2019,02,수학으로 들어가 과학으로 나오기 (사고 습관을 길러주는 흥미로운 이야기들),1190149095 9791190149099,2019,리용러,하이픈
안락누리도서관,2019,02,우리 동네에는 작은도서관이 있습니다,1196604010 9791196604011,2019,박소희,책숲놀이터
안락누리도서관,2019,02,우리가 간신히 희망할 수 있는 것 (김영민 논어 에세이),116273065X 9791162730652,2019,김영민,사회평론
동래읍성도서관,2019,01,훈민정음 해례본을 찾아라!,1170282989 9791170282983,2019,정명섭,한솔수북
동래읍성도서관,2019,01,허구의 삶,8954658261 9788954658263,2019,이금이,문학동네
동래읍성도서관,2019,01,밀레니얼의 반격,1160509557 9791160509557,2019,전정환,더퀘스트
안락누리도서관,2019,01,당신은 왜 인간입니까,1188248839 9791188248834,2019,송은주,웨일북(whalebooks)
동래읍성도서관,2019,12,그레타 툰베리 (지구를 구하는 십 대 환경 운동가),8934997850 9788934997856,2019,발렌티나 카메리니,주니어김영사
동래읍성도서관,2019,12,배려하는 디자인 (세상과 공존하는 열다섯 가지 디자인 제안),1185954538 9791185954530,2019,방일경,미술문화
동래읍성도서관,2019,12,해녀들의 섬 (리사 시 장편소설),1188140906 9791188140909,2019,리사 시,북레시피
안락누리도서관,2019,12,왜 힘들지? 취직했는데,1159350558 9791159350559,2019,원지수,인디고(글담)
동래읍성도서관,2019,11,습관의 문법,8959065242 9788959065240,2019,강준만,인물과사상사
동래읍성도서관,2019,11,그 남자 264 (아름다운 저항시인 이육사 이야기),8970759174 9788970759173,2019,고은주,문학세계사
안락누리도서관,2019,11,작은마음동호회,8954657214 9788954657211,2019,윤이형,문학동네
안락누리도서관,2019,11,지금 이대로 좋다 (자유롭고 행복하고 싶은 이들에게 전하는 법륜스님의 희망편지),1187297232 9791187297239,2019,법륜,정토출판
안락누리도서관,2019,11,철학은 어떻게 삶의 무기가 되는가,113062045X 9791130620459,2019,야마구치 슈,다산초당
안락누리도서관,2019,11,엄마가 말투를 바꾸면 아이는 행복해집니다 (아이의 행복을 위한 엄마의 말하기 수업),1160022461 9791160022469,2019,박미진,메이트북스
안락누리도서관,2019,11,"살수 1,2",8925567717 9788925567716,2019,김진명,알에이치코리아
안락누리도서관,2019,11,트렌드 코리아 2020 (서울대 소비트렌드 분석센터의 2020 전망),8959896128 9788959896127,2019,김난도|전미영|최지혜|이향은|이준영|,미래의창
동래읍성도서관,2019,11,슬픈 노벨상,1188609270 9791188609277,2019,정화진,파란자전거
동래읍성도서관,2019,10,나를 쫓는 천 개의 눈,8977460980 9788977460980,2019,서석영,내일을여는책
동래읍성도서관,2019,10,선량한 차별주의자,8936477196 9788936477196,2019,김지혜,창비
안락누리도서관,2019,10,아홉 살 독서 수업 (부모가 알아야 할 초등 저학년 독서의 모든 것),1190030136 9791190030137,2019,한미화,어크로스
안락누리도서관,2019,10,선량한 차별주의자,8936477196 9788936477196,2019,김지혜,창비
안락누리도서관,2019,10,"오늘, 남편이 퇴직했습니다",1161570659 9791161570655,2019,박경옥,나무옆의자
안락누리도서관,2019,10,지구에서 한아뿐 (정세랑 장편소설),1188862294 9791188862290,2019,정세랑,난다
안락누리도서관,2019,10,지극히 개인적인 미니멀 라이프 (미니멀리스트지만 샤넬 백은 갖고 싶어),1196676615 9791196676612,2019,정우빈,싱글북스
안락누리도서관,2019,10,요리는 감이여,1189228483 9791189228484,2019,051명의 충청도 할매들,창비교육
안락누리도서관,2019,09,백 살에는 되려나 균형 잡힌 마음 (100세 정신과 의사 할머니의 마음 처방전),895561070X 9788955610703,2018,다카하시 사치에,바다출판사
안락누리도서관,2019,09,바벨탑 공화국 (욕망이 들끓는 한국 사회의 민낯),8959065145 9788959065141,2019,강준만,인물과사상사
안락누리도서관,2019,09,퇴근길 심리학 공부 (누구나 알지만 쉽게 보는 생활 속 심리학),1185257799 9791185257792,2019,우멍쓰,레몬북스
안락누리도서관,2019,09,유품정리사,116040254X 9791160402544,2019,정명섭,한겨레출판사
안락누리도서관,2019,09,종의 기원,118919886X 9791189198862,2019,찰스 로버트 다윈,사이언스북스
안락누리도서관,2019,09,1일 1짠 돈 습관 (밥 먹듯 저축하는 ‘작은 부자’들의 재테크 생활),8947544981 9788947544986,2019,다음 짠돌이 카페 슈퍼짠 12인,한국경제신문
안락누리도서관,2019,09,디어 마이 블랙독 (친애하는 나의 우울에게),1162850310 9791162850312,2019,김늦가을,마음의숲
안락누리도서관,2019,09,나인폭스 갬빗,1190090031 9791190090032,2019,이윤하,허블
동래읍성도서관,2019,09,한국 스포츠 최초의 영웅들,1160944393 9791160944396,2019,김은식,사계절
동래읍성도서관,2019,09,강인욱의 고고학 여행,8965963273 9788965963271,2019,강인욱,흐름출판
동래읍성도서관,2019,09,리케 (세계에서 가장 행복한 사람들의 비밀),8965963117 9788965963110,2019,마이크 비킹,흐름출판
동래읍성도서관,2019,09,나무가 있다 (윤동주 산문의 숲에서),8950980681 9788950980689,2019,김응교,아르떼
동래읍성도서관,2019,09,우주적인 안녕,8932035342 9788932035345,2019,하재연,문학과지성사
동래읍성도서관,2019,09,동물원에서 만난 세계사,1189208156 9791189208158,2019,손주현,라임
동래읍성도서관,2019,09,공부 열전 (인생 고수들이 들려주는 지혜의 말들),1189228432 9791189228439,2019,김영철,창비교육
동래읍성도서관,2019,09,독립운동가가 된 고딩,1195718756 9791195718757,2019,이진미,초록서재
동래읍성도서관,2019,09,맨발의 소녀,1189208210 9791189208219,2019,킴벌리 브루베이커 브래들리,라임
동래읍성도서관,2019,09,책이 스마트폰보다 좋을 수밖에 없는 12가지 이유,8963011682 9788963011684,2019,노은주,단비어린이
동래읍성도서관,2019,09,"외치고 뛰고 그리고 써라!(바위를 뚫는 물방울 11) (탐사 보도의 개척자, 넬리 블라이)",1160512779 9791160512779,2019,이선주,씨드북
동래읍성도서관,2019,09,여름 가을 겨울 봄 그리고… 다시 여름 (어느 버려진 집에 깃든 두 번째 여름),118707912X 9791187079125,2019,아르기로 피피니,옐로스톤
동래읍성도서관,2019,09,간지러 사우루스,1187856738 9791187856733,2019,로지 웰레슬리,보랏빛소어린이
동래읍성도서관,2019,09,토끼 씨 상추 드세요,1160944253 9791160944259,2019,이상교,사계절
동래읍성도서관,2019,09,스몽 스몽,896219290X 9788962192902,2019,소냐 다노프스키,책빛
안락누리도서관,2019,08,인생의 마지막 순간에서 (죽음과 죽어감에 관한 실질적 조언),1135433240 9791135433245,2019,샐리 티스데일,비잉(Being)
안락누리도서관,2019,08,미술관에 간 심리학,1189344629 9791189344627,2019,윤현희,믹스커피
안락누리도서관,2019,08,천년의 질문 1-3 (조정래 장편소설),8965746825 9788965746829,2019,조정래,해냄출판사
안락누리도서관,2019,08,"어른이 되면 괜찮을 줄 알았다 (심리학, 어른의 안부를 묻다)",8965708133 9788965708131,2019,김혜남|박종석,포르체
안락누리도서관,2019,08,엄마 공부가 끝나면 아이 공부는 시작된다 (세 아이를 영재로 키워낸 엄마의 성장 고백서),8947544795 9788947544795,2019,서안정,한국경제신문
안락누리도서관,2019,08,조선의 밥상머리 교육 (500년 조선의 역사를 만든 위대한 교육),1189347016 9791189347017,2018,김미라,보아스
안락누리도서관,2019,08,이것은 왜 직업이 아니란 말인가 (알바노동자의 현재와 미래),1196585903 9791196585907,2019,박정훈,빨간소금
안락누리도서관,2019,08,고 온 Go On 1 (더글라스 케네디 장편소설),8984373672 9788984373679,2019,더글라스 케네디,밝은세상
안락누리도서관,2019,08,사하맨션 (조남주 장편소설),893744125X 9788937441257,2019,조남주,민음사
동래읍성도서관,2019,08,내 이름을 불렀어,8962681846 9788962681840,2019,이금이,해와나무
동래읍성도서관,2019,08,포노 사피엔스 (스마트폰이 낳은 신인류),8965707692 9788965707691,2019,최재붕,쌤앤파커스
동래읍성도서관,2019,08,다정한 구원,9791189280284,2019,임경선,미디어창비
동래읍성도서관,2019,07,뻔뻔한 가족,1189034093 9791189034092,2019,박현숙,서유재
동래읍성도서관,2019,07,팩트풀니스 (우리가 세상을 오해하는 10가지 이유와 세상이 생각보다 괜찮은 이유),8934985062 9788934985068,2019,한스 로슬링,김영사
동래읍성도서관,2019,07,다가오는 말들,1196587353 9791196587352,2019,은유,어크로스
안락누리도서관,2019,07,도서관 여행하는 법 (앎의 세계에 진입하는 모두를 위한 응원과 환대의 시스템),1189683083 9791189683085,2019,임윤희,유유
안락누리도서관,2019,07,월급쟁이 부자로 은퇴하라 (3년 만에 30년 치 연봉을 번 김 과장의 시스템 마련법),8925566516 9788925566511,2019,너나위,알에이치코리아
안락누리도서관,2019,07,"진이, 지니",1189982145 9791189982140,2019,정유정,은행나무
안락누리도서관,2019,07,어느 칠레 선생님의 물리학 산책,8965135419 9788965135418,2019,안드레스 곰베로프,생각의길
안락누리도서관,2019,07,"박막례, 이대로 죽을 순 없다 (독보적 유튜버 박막례와 천재 PD 손녀 김유라의)",1190065673 9791190065672,2019,박막례|김유라,위즈덤하우스
안락누리도서관,2019,07,죽음 1 (베르나르 베르베르 장편소설),8932919674 9788932919676,2019,베르나르 베르베르,열린책들
동래읍성도서관,2019,06,미스터리 게시판 (사진 속 비밀을 찾아라),1186419458 9791186419458,2019,김명진,청어람주니어
동래읍성도서관,2019,06,제국에서 민국으로 가는 길 (대한민국 임시정부 27년을 걷다),1188388746 9791188388745,2019,박광일,생각정원
동래읍성도서관,2019,06,저 청소일 하는데요?,8950979594 9788950979591,2019,김예지,21세기북스
안락누리도서관,2019,06,아름다움의 진화 (연애의 주도권을 둘러싼 성 갈등의 자연사),8962622777 9788962622775,2019,리처드 프럼,동아시아
안락누리도서관,2019,06,"나의 문화유산답사기 중국편 1,2",8936477129 9788936477127,2019,유홍준,창비
안락누리도서관,2019,06,여행의 이유 (김영하 산문),8954655971 9788954655972,2019,김영하,문학동네
안락누리도서관,2019,06,젊은작가상 수상작품집 10주년 (수상 작가들이 뽑은 베스트 7),8954655831 9788954655835,2019,편혜영|김애란|손보미|이장욱|황정은,문학동네
안락누리도서관,2019,06,라이딩 인생 (대치동으로 간 클레어할머니),1196431604 9791196431600,2018,고선미,이층집
안락누리도서관,2019,06,직장이 없는 시대가 온다,1160507171 9791160507171,2019,새라 케슬러,더퀘스트
안락누리도서관,2019,06,유토피아 실험 (문명이 붕괴된 이후의 세상을 실험한 어느 괴짜 과학자의 이야기),8965707854 9788965707851,2019,딜런 에번스,쌤앤파커스
안락누리도서관,2019,06,"데스 바이 아마존 (새로운 유통 전쟁의 시대, 최후의 승자는?,Death by Amazon)",116254077X 9791162540770,2019,시로타 마코토,비즈니스북스
안락누리도서관,2019,06,"한나 아렌트, 세 번의 탈출 (한나 아렌트의 삶과 사상을 그래픽노블로 만나다)",1186900830 9791186900833,2019,켄 크림슈타인,더숲
안락누리도서관,2019,06,중요한 건 제대로 걷기다 (척추신경 권위자가 알려주는 걸음걸이 교정 가이드),1189719193 9791189719197,2019,조이스 황,키출판사
동래읍성도서관,2019,05,"퀴즈, 미세먼지! (외계인이 묻고 지구인이 답한다)",1157820727 9791157820726,2018,환경정의,초록개구리
동래읍성도서관,2019,05,우리 몸이 세계라면 (분투하고 경합하며 전복되는 우리 몸을 둘러싼 지식의 사회사),8962622564 9788962622560,2018,김승섭,동아시아
안락누리도서관,2019,05,퇴근길 클래식 수업,1189344319 9791189344313,2018,나웅준,페이스메이커
안락누리도서관,2019,05,연필로 쓰기 (김훈 산문),8954655696 9788954655699,2019,김훈,문학동네
안락누리도서관,2019,05,툇마루에서 모든 게 달라졌다,1164130196 9791164130191,2019,쓰루타니 가오리,북폴리오
안락누리도서관,2019,05,그래도 우리의 나날,8954653901 9788954653909,2018,시바타 쇼,문학동네
안락누리도서관,2019,05,"정선 목민심서(큰글자도서) 1,2",8936475509 9788936475505,2018,정약용 저|다산연구회,창비
안락누리도서관,2019,05,"부산의 다방 (추억을 마시다! 공간에 스며들다!, 부산문화재단 사람ㆍ기술ㆍ문화총서 제5권)",1196572801 9791196572808,2018,부산문화재단,부산문화재단
안락누리도서관,2019,05,아트인문학 여행 (스페인 문화예술에서 시대를 넘어설 지혜를 구하다),1188674552 9791188674558,2019,김태진,카시오페아
안락누리도서관,2019,05,하버드 100년 전통 말하기 수업 (인생을 바꾸는 말하기 불변의 법칙),8972773271 9788972773276,2019,류리나,리드리드출판
안락누리도서관,2019,05,사랑은 상처를 허락하는 것이다 (작가 공지영의 등단 30주년 문학 앤솔로지),8965746728 9788965746720,2019,공지영,해냄출판사
동래읍성도서관,2019,04,소녀 H (지독한 학교 행성 생활),8965483859 9788965483854,2018,신소영,고릴라박스(비룡소)
동래읍성도서관,2019,04,우리가 잃어버린 이름 조선의용군,8957369899 9788957369890,2018,류종훈,가나출판사
안락누리도서관,2019,04,외로운 사람끼리 배추적을 먹었다,1156121299 9791156121299,2019,김서령,푸른역사
안락누리도서관,2019,04,내 사랑 모드 (나의 계절은 겨울에도 꽃이 피어요),1185823336 9791185823331,2018,랜스 울러버,남해의봄날
안락누리도서관,2019,04,"명견만리 (불평등,병리,금융,지역 편,모두를 위한 공존의 시대를 말하다)",1186560975 9791186560976,2019,KBS 〈명견만리〉 제작진,인플루엔셜
안락누리도서관,2019,04,삼십오년 : 3.1혁명과 대한민국임시정부 (3·1혁명과 대한민국임시정부),1189426315 9791189426316,2019,박시백,비아북
안락누리도서관,2019,04,왜 세계의 가난은 사라지지 않는가 (유엔인권자문위원이 손녀에게 들려주는 자본주의 이야기),8952795490 9788952795496,2019,장 지글러,시공사
안락누리도서관,2019,04,인어가 잠든 집 (人魚の眠る家),8990982774 9788990982773,2019,히가시노 게이고,재인
안락누리도서관,2019,04,마음이 살짝 기운다 (나태주 신작 시집),8925565730 9788925565736,2019,나태주,알에이치코리아
안락누리도서관,2019,04,무라카미 하루키의 100곡,1196184348 9791196184346,2019,구리하라 유이치로,내친구의서재
안락누리도서관,2019,04,부산의 생활문화유산,8998937395 9788998937393,2016,대안사회를 위한 일상생활연구소,호밀밭
안락누리도서관,2019,04,10대를 위한 진로 인문학 (청소년들의 진로 수업을 위한 첫걸음),8931587171 9788931587173,2018,정형권,성안당
안락누리도서관,2019,04,"큰글자 금강경 (생각을 내려놓은 지혜, 큰글자)",8952221222 9788952221223,2012,곽철환,살림
안락누리도서관,2019,04,청년 흙밥 보고서,1159253749 9791159253744,2018,변진경,들녘
안락누리도서관,2019,04,송기원의 포스트 게놈 시대,1189198266 9791189198268,2018,송기원,사이언스북스
안락누리도서관,2019,04,좋은지 나쁜지 누가 아는가,1186900784 9791186900789,2019,류시화,더숲
동래읍성도서관,2019,03,나이 도둑,8962681773 9788962681772,2018,정해왕,해와나무
동래읍성도서관,2019,03,심미안 수업 (어떻게 가치 있는 것을 알아보는가),1196533407 9791196533403,2018,윤광준,지와인
동래읍성도서관,2019,03,살아야겠다,8998791803 9788998791803,2018,김탁환,북스피어
안락누리도서관,2019,03,"내 어머니 이야기 1~4 세트 (김은성 만화, 전4권)",8959199990 9788959199990,2019,김은성,애니북스
안락누리도서관,2019,03,오은영의 화해 (상처받은 내면의 ‘나’와 마주하는 용기),8997396870 9788997396870,2019,오은영,코리아닷컴
안락누리도서관,2019,03,초등 자존감의 힘 (소극적인 아이도 당당하게 만드는),1160506892 9791160506891,2019,김선호|박우란,길벗
안락누리도서관,2019,03,"이명현의 과학책방 (별처럼 시처럼, 과학을 읽다)",8997186744 9788997186747,2018,이명현,사월의책
안락누리도서관,2019,03,당신이 옳다 (정혜신의 적정심리학),8965746663 9788965746669,2018,정혜신,해냄출판사
안락누리도서관,2019,03,쓸모인류 (어른의 쓸모에 대해 묻다),1196519005 9791196519001,2018,빈센트|강승민,몽스북
안락누리도서관,2019,03,클래식과 함께하는 사회 탐구,1156332095 9791156332091,2018,권재원,다른
동래읍성도서관,2019,02,핑스 (2018년 제6회 스토리킹 수상작),8949124386 9788949124384,2018,이유리,비룡소
동래읍성도서관,2019,02,"이명현의 과학책방 (별처럼 시처럼, 과학을 읽다)",8997186744 9788997186747,2018,이명현,사월의책
동래읍성도서관,2019,02,그림 속에 너를 숨겨놓았다,1160402051 9791160402056,2018,김미경,한겨레출판사
안락누리도서관,2019,02,혼자만의 시간이 필요한 이유,1188041134 9791188041138,2018,나코시 야스후미,책이있는풍경
안락누리도서관,2019,02,고요할수록 밝아지는 것들 (혜민 스님과 함께 지혜와 평온으로 가는 길),1187498386 9791187498384,2018,혜민,수오서재
안락누리도서관,2019,02,12가지 인생의 법칙 (혼돈의 해독제),1196067694 9791196067694,2018,조던 B. 피터슨,메이븐
안락누리도서관,2019,02,마이크로 트렌드X,1160504938 9791160504934,2018,마크 펜|메러디스 파인만,더퀘스트
동래읍성도서관,2019,01,리얼 마래,8932034710 9788932034713,2018,황지영,문학과지성사
동래읍성도서관,2019,01,배우고 생각하고 연결하고 (어떻게 생각의 힘을 키울 것인가),8956059756 9788956059754,2018,박형주,해나무
동래읍성도서관,2019,01,못다 핀 꽃 (일본군 성노예제 피해자 할머니들의 끝나지 않은 미술 수업),1160801479 9791160801477,2018,이경신,휴머니스트
안락누리도서관,2019,01,"아가씨와 밤 (La Jeune Fille et la Nuit,기욤 뮈소 장편소설)",8984373613 9788984373617,2018,기욤 뮈소,밝은세상
안락누리도서관,2019,01,비커밍 (Becoming),8901227584 9788901227580,2018,미셸 오바마,웅진지식하우스
안락누리도서관,2019,01,예술가로 살만합니다,8979292600 9788979292602,2018,이상진,이종(EJONG)
안락누리도서관,2018,11,아빠와 토요일,9788970947204,2018,최혜진,한림출판사
안락누리도서관,2018,11,뚱보 개 광칠이,9788928315901,2018,유순희,좋은책어린이
안락누리도서관,2018,11,어느 날 가족이 되었습니다,9788928315901,2018,박현숙,서유재
안락누리도서관,2018,11,"골든아워(전2권) : 생과 사의 경계, 중증외상센터의 기록 2013~2018. 2",K452534174,2018,이국종,흐름출판
안락누리도서관,2018,11,마흔에게 : 기시미 이치로의 다시 살아갈 용기에 대하여,9791130619309,2018,"기시이 이치로 지음, 전경아 옮김",다산초당
안락누리도서관,2018,11,존스 할아버지의 낡은 여행 가방,9788958076797,2018,앤디 앤드루스,뜨인돌
안락누리도서관,2018,06,김상욱의 양자 공부 (완전히 새로운 현대 물리학 입문),8983718919 9788983718914,2017,김상욱,사이언스북스
안락누리도서관,2018,06,기후변화의 심리학 (우리는 왜 기후변화를 외면하는가),1195634056 9791195634057,2018,조지 마셜,갈마바람
안락누리도서관,2018,06,책을 지키려는 고양이,8950973022 9788950973025,2018,나쓰카와 소스케,아르테(arte)
안락누리도서관,2018,06,어린이 철학 교실 (생각하는 습관을 키우는),1185428321 9791185428321,2018,이나 슈미트,생각의날개
안락누리도서관,2018,06,"그 다리 아니야, 빌리!",1160511632 9791160511635,2018,안토니스 파파테오둘루,씨드북
안락누리도서관,2018,06,무엇이든 세탁해 드립니다,896247901X 9788962479010,2018,원명희,스콜라
안락누리도서관,2018,05,남북 공동 초등학교,8961555227 9788961555227,2017,신천희,파랑새
안락누리도서관,2018,05,딸 인권 선언,115995030X 9791159950308,2018,엘리자베스 브라미,노란돼지
안락누리도서관,2018,05,웃지 않는 병 (휴먼어린이 중학년 문고 02),896591339X 9788965913399,2017,정연철,휴먼어린이
안락누리도서관,2018,05,책 읽다가 이혼할 뻔,1185153209 9791185153209,2018,엔조 도|다나베 세이아,정은문고
안락누리도서관,2018,05,시간은 왜 흘러가는가 (시간에 관한 거의 모든 과학적 탐구),8998266229 9788998266226,2017,앨런 버딕,엑스오북스
안락누리도서관,2018,05,저도 과학은 어렵습니다만 (털보 과학관장이 들려주는 세상물정의 과학),1196250510 9791196250515,2018,이정모,바틀비
안락누리도서관,2018,04,"귀소본능 (행복과 생존의 본능, 귀소의 의미를 찾아나선 세계적 생물학자의 세밀하고 집요한 탐사의 기록)",1186900377 9791186900376,2017,베른트 하인리히,더숲
안락누리도서관,2018,04,"안녕하세요, 시간입니다 (심리학과 뇌과학이 파헤친 시간의 비밀)",8958076445 9788958076445,2017,슈테판 클라인,뜨인돌출판사
안락누리도서관,2018,04,세 갈래 길,8984373397 9788984373396,2017,래티샤 콜롱바니,밝은세상
안락누리도서관,2018,04,아홉 살 마음 사전,8936447017 9788936447014,2017,박성우,창비
안락누리도서관,2018,04,민들레 피리 (윤동주 윤일주 형제 동시집),893644719X 9788936447199,2017,윤동주|윤일주,창비
안락누리도서관,2018,04,소리 산책 (우리 아이 인성교육10),8974790718 9788974790714,2017,폴 쇼워스,불광출판사
안락누리도서관,2018,03,민들레는 민들레 (2015 볼로냐 라가치상 수상작 논픽션 스페셜멘숀),8998751070 9788998751074,2014,김장성,이야기꽃
안락누리도서관,2018,03,"엄마의 영화관 (내 아이와 함께하는 영화 보기, 세상 읽기)",8958204451 9788958204459,2017,강안,궁리
안락누리도서관,2018,03,식물의 힘 (녹색 교실이 이룬 기적),1187700169 9791187700166,2017,스티븐 리츠,여문책
안락누리도서관,2018,03,딸에게 차려주는 식탁 (어른이 되어서도 너를 지켜줄 가장 따뜻하고 든든한 기억),1186560592 9791186560594,2017,김진영,인플루엔셜
안락누리도서관,2018,03,미운 오리 티라노,1195747659 9791195747658,2017,앨리슨 머리,나린글
안락누리도서관,2018,03,꼬마악어 타코,8956058318 9788956058313,2017,전이수,엘리
안락누리도서관,2018,02,변신 미용실 (아주 신기하고 이상하고 재미있는),8955823991 9788955823998,2017,쓰카모토 야스시,길벗어린이
안락누리도서관,2018,02,딸에 대하여 (김혜진 장편소설),8937473178 9788937473173,2017,김혜진,민음사
안락누리도서관,2018,02,우리 가족 캠핑 여행,8949101882 9788949101880,2017,백은희,비룡소
안락누리도서관,2018,02,왕세자가 돌아온다 (이규희 역사동화),8961557319 9788961557313,2017,이규희,파랑새
안락누리도서관,2018,02,살아 있는 자를 수선하기 (The Heart),8932918082 9788932918082,2017,마일리스 드 케랑갈,열린책들
안락누리도서관,2018,02,서른의 반격 (제5회 제주4.3평화문학상 수상작),1196199809 9791196199807,2017,손원평,은행나무
안락누리도서관,2018,01,쪽매 (조각 천을 이어 붙여 바느질하는 아이),8970946896 9788970946894,2013,이가을,한림출판사
안락누리도서관,2018,01,나는 바람이다 1 (빨간 수염 사나이 하멜),8949121514 9788949121512,2013,김남중,비룡소
안락누리도서관,2018,01,신과 개와 인간의 마음,115540114X 9791155401149,2017,대니얼 웨그너|커트 그레이,추수밭
안락누리도서관,2018,01,모멸의 조선사 (지배 권력에 맞선 백성의 열 가지 얼굴),896735455X 9788967354558,2017,조윤민,글항아리
안락누리도서관,2018,01,내 마음의 낯섦,8937434784 9788937434785,2017,오르한 파묵,민음사
안락누리도서관,2017,12,이순신 장군과 고기 국수 (옛사람과 함께하는 음식 이야기),896247381X 9788962473810,2013,김미려,위즈덤하우스
안락누리도서관,2017,12,거짓말 같은 진짜 이야기,8993242860 9788993242867,2013,살라흐 나우라,책읽는곰
안락누리도서관,2017,12,한 치 앞도 모르면서,1195963823 9791195963829,2017,남덕현,빨간소금
안락누리도서관,2017,12,슬픈 불멸주의자 (인류 문명을 움직여온 죽음의 사회심리학),8965962013 9788965962014,2016,셸던 솔로몬|제프 그린버그|톰 피진스,흐름출판
안락누리도서관,2017,11,지도로 읽는다 미스터리세계사,8994597662 9788994597669,2016,역사미스터리클럽,이다미디어
안락누리도서관,2017,11,이야기 우리문화,9788978893145,2016,김진섭,지성사
안락누리도서관,2017,11,나의 사촌 세라,8936442708 9788936442705,2012,김민령,창비
안락누리도서관,2017,11,신기한 붓,8958286512 9788958286516,2012,권사우|홍쉰타오,사계절
안락누리도서관,2017,10,뻔뻔한 칭찬통장,8983945400 9788983945402,2009,김성범,미래아이
안락누리도서관,2017,10,아홉 살 마음 사전,8936447017 9788936447014,2017,박성우,창비
안락누리도서관,2017,10,풍경으로 본 동아시아 정원의 미 (시적 풍경과 회화적 풍경),8974838680 9788974838683,2017,박은영,서해문집
안락누리도서관,2017,10,식물처럼 살기,1155502205 9791155502204,2017,최문형,사람의무늬
안락누리도서관,2017,09,수상한 칭찬통장,8962681536 9788962681536,2017,신채연,해와나무
안락누리도서관,2017,09,어느 날 그 애가,8954644252 9788954644259,2017,이은용,문학동네
안락누리도서관,2017,09,멋진 신세계 (세상과 당신을 이어주는 테크 트렌드),8965704669 9788965704669,2017,임춘성,쌤앤파커스
안락누리도서관,2017,09,시대의 소음,1130612481 9791130612485,2017,줄리언 반스,다산책방
안락누리도서관,2017,08,자신의 이름을 지킨 개 이야기,8932918252 9788932918259,2017,루이스 세풀베다,열린책들
안락누리도서관,2017,08,이 도시에 불안하지 않은 사람은 없다 (수시로 찾아오는 불안 때문에 죽을 듯 힘겨운 사람들을 위한 치유 심리),117026154X 9791170261544,2017,한기연,팜파스
안락누리도서관,2017,08,변신돼지 (제6회 비룡소 문학상 대상 수상작),894916194X 9788949161945,2017,박주혜,비룡소
안락누리도서관,2017,08,범인을 찾아라! 과학수사,1185786910 9791185786919,2017,김원섭,아르볼
안락누리도서관,2017,07,나는 책나무를 심는다,1185237305 9791185237305,2017,한상수,한권의책
안락누리도서관,2017,07,어떻게 질문할 것인가 (나만의 질문을 찾는 책 읽기의 혁명),8937434067 9788937434068,2017,김대식,민음사
안락누리도서관,2017,07,지붕 위 루시 (김지연 그림책),1186797460 9791186797464,2016,김지연,북극곰
안락누리도서관,2017,07,누나는 어디에,8974740818 9788974740818,2016,스벤 누르드크비스트,풀빛
안락누리도서관,2017,06,"그때, 나에게 미처 하지 못한 말 (마음속에 새기고 싶은 인생의 키워드 20)",895096967X 9788950969677,2017,정여울,arte
안락누리도서관,2017,06,모두의 미술 (뉴욕에서 만나는 퍼블릭 아트),8961962906 9788961962902,2017,권이선,아트북스
안락누리도서관,2017,06,엘 데포 (특별한 아이와 진실한 친구 이야기),896546238X 9788965462385,2016,시시 벨,밝은미래
안락누리도서관,2017,06,늑대가 위험하다는 게 사실인가요?,1156131049 9791156131045,2016,세키 유코,봄나무
안락누리도서관,2017,05,과학자는 이렇게 태어난다 (24시간 불 켜진 실험실에서는 무슨 일이 일어나고 있을까?),8958204354 9788958204350,2017,진정일,궁리
안락누리도서관,2017,05,수치심의 힘,119598362X 9791195983629,2017,제니퍼 자케,책읽는수요일
안락누리도서관,2017,05,하룻밤,8958284463 9788958284468,2016,이금이,사계절
안락누리도서관,2017,05,마음을 담은 상차림,1160940037 9791160940039,2017,김소연,사계절
안락누리도서관,2017,04,베티는 너무너무 화가 나!,8952234588 9788952234582,2016,스티브 앤터니,살림어린이
안락누리도서관,2017,04,"꼬끼오, 새날을 열어라",8962478102 9788962478105,2017,강성은,위즈덤하우스
안락누리도서관,2017,04,원더랜드 (재미와 놀이가 어떻게 세상을 창조했을까),8947541761 9788947541763,2017,스티븐 존슨,프런티어
안락누리도서관,2017,04,거리 두기 (세상의 모든 관계에서 나를 지키는 힘),8965703964 9788965703969,2017,임춘성,쌤앤파커스
안락누리도서관,2017,03,달이 좋아요 (나명남 그림책),8936455001 9788936455002,2016,나명남,창비
안락누리도서관,2017,03,병아리 싸움,8983896744 9788983896742,2016,도종환,바우솔
안락누리도서관,2017,03,위대한 멈춤 (삶을 바꿀 자유의 시간),893291804X 9788932918044,2016,박승오|홍승완,열린책들
안락누리도서관,2017,03,시인의 밥상,1160400172 9791160400175,2016,공지영,한겨레출판사
